"worldview","Hillary","Trump","Other","Did not vote"
"positiveWorldview",136.457142857143,192,230.4,360
"negativeWorldview",64.2125237191651,226.793168880455,249.335863377609,360